question,answer,category
What is Roshan Digital Account and do I need it to buy property?,"Roshan Digital Account (RDA) is a State Bank of Pakistan initiative letting overseas Pakistanis open a Pakistani bank account remotely from abroad and invest directly in real estate, stocks, and government securities without traveling. It is not mandatory but strongly recommended because it lets you send money via approved banking channels, which supports Foreign Exchange documentation and easier future repatriation of profits.",banking
Can I buy property in Pakistan without visiting in person?,"Yes. Most developers we work with support remote purchase through video walkthroughs, digital documentation, and Power of Attorney (POA). You can grant POA to a trusted family member or our facilitation team to sign documents and take possession on your behalf, and we provide notarized POA templates attested by the Pakistani consulate in your country of residence.",process
How do I know the property listing is genuine and not a scam?,"Every listing on our platform is verified against the developer's official allotment and NOC (No Objection Certificate) records. We also share the developer's registration documents, project approval status from the relevant development authority, and can arrange an independent lawyer to verify title before any payment is made.",trust
Can I repatriate profits from selling the property back to my country of residence?,"Yes, if the original investment was routed through a Roshan Digital Account or proper banking channel, profits and capital gains can be repatriated abroad in foreign currency through the State Bank of Pakistan's approved repatriation process, subject to applicable capital gains tax.",banking
What documents do I need as an overseas Pakistani to buy property?,"You typically need a valid CNIC or NICOP (National Identity Card for Overseas Pakistanis), passport copy, proof of overseas address or residency, and a Roshan Digital Account or standard remittance-compliant bank transfer record. A Power of Attorney is needed if you cannot be physically present for registration.",documentation
What happens if the developer delays possession?,"Reputed developers like DHA and Emaar have strong track records, but delays can happen with private developers. We only recommend projects with verifiable NOC and completion timelines, and payment plans are structured so major installments are tied to construction milestones to reduce your risk.",risk
Do you offer video property tours for overseas clients?,"Yes, for select properties marked video_tour_available we schedule a live video walkthrough via Google Meet at a time convenient to your timezone, conducted by our on-ground representative, so you can see the actual site condition before committing.",process
Is there a difference in price for overseas Pakistanis versus local buyers?,"No, pricing is the same for all buyers. However, RDA-based payments may qualify for special developer discounts (typically 2 to 5 percent) offered specifically to encourage foreign exchange inflows through State Bank channels.",pricing
What is the minimum investment amount for overseas Pakistanis?,"Our entry-level options for NRP investors start around 6.5 million PKR (roughly 23,000 USD) for plots in developing societies like DHA City Karachi, going up to 120 million PKR for premium ready farmhouses.",pricing
Can my family in Pakistan handle the paperwork on my behalf?,"Yes, with a properly attested Power of Attorney, your nominated family member or our facilitation team can complete site visits, sign documents, and manage possession handover on your behalf while you stay updated via video calls and email confirmations.",process
